source_row_key,sample_reason,review_status,cardmarket_product_id,cardmarket_name,finish,provider_card_id,provider_name,set_code,collector_number,language,layout,face_count,cardmarket_url,scryfall_url
5985bfb1fd8c829e791228cd043cf745a1d5b7b841954f35205e722774b9ffd9,multi_face,pending,828828,"Venat, Heart of Hydaelyn // Hydaelyn, the Mothercrystal",foil,395e13e2-1884-4aee-971d-00692b429a88,"Venat, Heart of Hydaelyn // Hydaelyn, the Mothercrystal",pfin,39s,en,transform,2,https://www.cardmarket.com/en/Magic/Products?idProduct=828828&isFoil=Y,https://scryfall.com/card/395e13e2-1884-4aee-971d-00692b429a88
8d966253ead93fdf25261dbcdaec9a2fcdccf1a49be194bb037b7dad975aa0b2,multi_face,pending,828891,"Zenos yae Galvus // Shinryu, Transcendent Rival",foil,6c6f6035-32e0-4ea2-b281-79c8e00708a0,"Zenos yae Galvus // Shinryu, Transcendent Rival",pfin,127s,en,transform,2,https://www.cardmarket.com/en/Magic/Products?idProduct=828891&isFoil=Y,https://scryfall.com/card/6c6f6035-32e0-4ea2-b281-79c8e00708a0
b48abb454b8809d3d1426e1536e35fc073316585b80613012ca7dbbc2ba9d48e,multi_face,pending,855754,"Avatar Aang // Aang, Master of Elements",foil,257928ba-27ae-4a11-ae41-76dfcd626ed4,"Avatar Aang // Aang, Master of Elements",tla,308,en,transform,2,https://www.cardmarket.com/en/Magic/Products?idProduct=855754&isFoil=Y,https://scryfall.com/card/257928ba-27ae-4a11-ae41-76dfcd626ed4
b0f75c1e7d7134180b04ea2715c8d8453754c44acb4333855bb6910a2ca43463,multi_face,pending,824344,"Ultimecia, Time Sorceress // Ultimecia, Omnipotent",foil,e7922b5a-6e75-4910-93ad-37e322073d35,"Ultimecia, Time Sorceress // Ultimecia, Omnipotent",fin,513,en,transform,2,https://www.cardmarket.com/en/Magic/Products?idProduct=824344&isFoil=Y,https://scryfall.com/card/e7922b5a-6e75-4910-93ad-37e322073d35
2908fa6b5edcdc8e40751ef18198436b073e7fc9f1bcd6bce88344cfba746761,multi_face,pending,405599,Nightmare Moon // Princess Luna,foil,5646ea19-0025-4f88-ad22-36968a1d3b89,Nightmare Moon // Princess Luna,ptg,1,en,transform,2,https://www.cardmarket.com/en/Magic/Products?idProduct=405599&isFoil=Y,https://scryfall.com/card/5646ea19-0025-4f88-ad22-36968a1d3b89
695215c8d2d0236752c0b1915d9f95212946dbe6f8b86cfedb770336e2104280,multi_face,pending,678547,"Blitzwing, Cruel Tormentor // Blitzwing, Adaptive Assailant",foil,3ea597a5-0057-4328-9f6e-a446cde91ece,"Blitzwing, Cruel Tormentor // Blitzwing, Adaptive Assailant",bot,19,en,transform,2,https://www.cardmarket.com/en/Magic/Products?idProduct=678547&isFoil=Y,https://scryfall.com/card/3ea597a5-0057-4328-9f6e-a446cde91ece
85a252b7c00b935354a5f42f1fa9ec08b7f82bf84a8f7ae4a94ca593e80a0ea3,multi_face,pending,706611,Sheoldred // The True Scriptures,foil,c9063b1d-573a-4979-8cb3-4afe4eee66d2,Sheoldred // The True Scriptures,mom,340,en,transform,2,https://www.cardmarket.com/en/Magic/Products?idProduct=706611&isFoil=Y,https://scryfall.com/card/c9063b1d-573a-4979-8cb3-4afe4eee66d2
f80f61870aa4ab3318ab5e6fb907197ab0571d5050acc504cceb781ec1696063,multi_face,pending,839648,Peter Parker // Amazing Spider-Man,nonfoil,98912aae-4e42-4434-b979-9c85f09f8d6d,Peter Parker // Amazing Spider-Man,spm,232,en,modal_dfc,2,https://www.cardmarket.com/en/Magic/Products?idProduct=839648,https://scryfall.com/card/98912aae-4e42-4434-b979-9c85f09f8d6d
efda7e8950c380f5dafdf62a5ba7137f5f7a5638b1ea02196a2cbc5f03ff1740,multi_face,pending,585410,Avabruck Caretaker // Hollowhenge Huntmaster,foil,19781e71-62b4-45ad-bf71-a95ed9230d30,Avabruck Caretaker // Hollowhenge Huntmaster,dbl,454,en,transform,2,https://www.cardmarket.com/en/Magic/Products?idProduct=585410&isFoil=Y,https://scryfall.com/card/19781e71-62b4-45ad-bf71-a95ed9230d30
394400cbc6880d4b2cfafcce4de2a99c8cecfe8e07f5263884f981e82d196fd7,multi_face,pending,302040,"Growing Rites of Itlimoc / Itlimoc, Cradle of the Sun",foil,7ea26869-d923-42e1-9b34-3993f63f64b4,"Growing Rites of Itlimoc // Itlimoc, Cradle of the Sun",pxln,191s,en,transform,2,https://www.cardmarket.com/en/Magic/Products?idProduct=302040&isFoil=Y,https://scryfall.com/card/7ea26869-d923-42e1-9b34-3993f63f64b4
a36db4dedacd425a28909d17850f5f1eaedfaee09f9734412cedf5e33a7b5fb6,multi_face,pending,824287,"Kefka, Court Mage // Kefka, Ruler of Ruin",nonfoil,53756218-bcdb-498a-8c61-654183153487,"Kefka, Court Mage // Kefka, Ruler of Ruin",fin,398,en,transform,2,https://www.cardmarket.com/en/Magic/Products?idProduct=824287,https://scryfall.com/card/53756218-bcdb-498a-8c61-654183153487
26d780fb94e233180d4f39a6ac72cb93a6489c8ea25aac2eca92260fc3ced800,multi_face,pending,759961,"Ajani, Nacatl Pariah // Ajani, Nacatl Avenger",foil,f897d650-f1a2-4366-a025-f12c10310d96,"Ajani, Nacatl Pariah // Ajani, Nacatl Avenger",mh3,468,en,transform,2,https://www.cardmarket.com/en/Magic/Products?idProduct=759961&isFoil=Y,https://scryfall.com/card/f897d650-f1a2-4366-a025-f12c10310d96
ddec4d9373761722f29596a63f265e6067f914b2fd2d8b557f63669600df131b,multi_face,pending,361002,"Nicol Bolas, the Ravager // Nicol Bolas, the Arisen",foil,6ab66344-4959-4c7b-8828-b1a89b274e0b,"Nicol Bolas, the Ravager // Nicol Bolas, the Arisen",pm19,218s,en,transform,2,https://www.cardmarket.com/en/Magic/Products?idProduct=361002&isFoil=Y,https://scryfall.com/card/6ab66344-4959-4c7b-8828-b1a89b274e0b
86ce66ce43c0d94c32054cfa23a9d779fdea0711810ec61a766ccbba24d03c63,multi_face,pending,678542,"Prowl, Stoic Strategist // Prowl, Pursuit Vehicle",foil,770dea30-cef4-476a-beec-7a7fa967d07b,"Prowl, Stoic Strategist // Prowl, Pursuit Vehicle",bot,16,en,transform,2,https://www.cardmarket.com/en/Magic/Products?idProduct=678542&isFoil=Y,https://scryfall.com/card/770dea30-cef4-476a-beec-7a7fa967d07b
2fb66a0427df5a2bdadd38f976f347131808d7ea0539315a646bfcb2fb683314,multi_face,pending,495284,Valakut Awakening // Valakut Stoneforge,foil,a156b510-8879-4a7b-b15b-71374cb1e6f7,Valakut Awakening // Valakut Stoneforge,znr,355,en,modal_dfc,2,https://www.cardmarket.com/en/Magic/Products?idProduct=495284&isFoil=Y,https://scryfall.com/card/a156b510-8879-4a7b-b15b-71374cb1e6f7
583db0c4e53ee7679864275553a6bdda1ff3b56915cde95d3e67119a31c5db24,special_layout,pending,883312,Emeritus of Woe // Demonic Tutor,foil,bc27b7a7-e9ad-4305-a6e1-863f028030eb,Emeritus of Woe // Demonic Tutor,psos,80p,en,prepare,1,https://www.cardmarket.com/en/Magic/Products?idProduct=883312&isFoil=Y,https://scryfall.com/card/bc27b7a7-e9ad-4305-a6e1-863f028030eb
5d67c9fba1589daa83a5797402e88c8c929cd475d32decbc11f06ec7f6adde2c,special_layout,pending,271134,Snapping Fang Head,nonfoil,11decc7a-58e7-43f3-acc5-9ec94cce858d,Snapping Fang Head,tfth,5,en,token,1,https://www.cardmarket.com/en/Magic/Products?idProduct=271134,https://scryfall.com/card/11decc7a-58e7-43f3-acc5-9ec94cce858d
73f04d9717b705c8bc73097419bbd2e82e321114a6ebbb26303c3e1b3d8e4656,special_layout,pending,375054,Hexdrinker,foil,89f5cc05-5d9d-4709-b3c5-a6249c294acc,Hexdrinker,mh1,168,en,leveler,1,https://www.cardmarket.com/en/Magic/Products?idProduct=375054&isFoil=Y,https://scryfall.com/card/89f5cc05-5d9d-4709-b3c5-a6249c294acc
ae03822ee49c93fa3d1323ac034e7609d187383e71cb6b91274af4df3014047d,special_layout,pending,826184,Summon: Knights of Round,foil,44d23652-077e-4c1f-b640-b284685db911,Summon: Knights of Round,fin,36,en,saga,1,https://www.cardmarket.com/en/Magic/Products?idProduct=826184&isFoil=Y,https://scryfall.com/card/44d23652-077e-4c1f-b640-b284685db911
61fb3887976016e0810a2b05236855ce8c824b86a27d4fe7faa2b2f3fe637f0b,special_layout,pending,18153,Spirit Token,nonfoil,14ef4815-3dfe-47b3-ad81-1506925280d3,Spirit,mpr,5,en,token,1,https://www.cardmarket.com/en/Magic/Products?idProduct=18153,https://scryfall.com/card/14ef4815-3dfe-47b3-ad81-1506925280d3
5501671ae9258376c0dc9773d471558edcded8d5c869ed8ee1350a5bf5a099a5,special_layout,pending,14985,Titania,nonfoil,3b7de05c-e5aa-421a-bf16-b16fef8fc6ef,Titania,pvan,406,en,vanguard,1,https://www.cardmarket.com/en/Magic/Products?idProduct=14985,https://scryfall.com/card/3b7de05c-e5aa-421a-bf16-b16fef8fc6ef
d65c42a2ee9b0de96db4b34c9e18bed7bda789d316e3b0d69fee2daa5639edd2,special_layout,pending,15566,Squirrel Token,nonfoil,abf24a09-0a54-4e1d-a515-ed5ae99294be,Squirrel,tugl,94,en,token,1,https://www.cardmarket.com/en/Magic/Products?idProduct=15566,https://scryfall.com/card/abf24a09-0a54-4e1d-a515-ed5ae99294be
943a792f29b4d52acef38f38262d6b017645a3f72bf21552c357f7606b7ae715,special_layout,pending,858823,Zombie Token,nonfoil,aaeb36b3-0d12-4326-a81f-06a66f6164e1,Zombie,wmkm,1,ja,token,1,https://www.cardmarket.com/en/Magic/Products?idProduct=858823,https://scryfall.com/card/aaeb36b3-0d12-4326-a81f-06a66f6164e1
4ac0c95a5f6670cd39165baddeef32f48ac2ae298fb4cb72a65506ed99ce5116,special_layout,pending,574660,Fighter Class,foil,f6690ef1-7d6c-47e2-aeac-f1125d0996f4,Fighter Class,pafr,222a,en,class,1,https://www.cardmarket.com/en/Magic/Products?idProduct=574660&isFoil=Y,https://scryfall.com/card/f6690ef1-7d6c-47e2-aeac-f1125d0996f4
b8236fe72ca8b020480efe79f335a79f957e977137fe06c41eff7d5ee7983c24,special_layout,pending,657817,"Zndrsplt, Eye of Wisdom",foil,d5dfd236-b1da-4552-b94f-ebf6bb9dafdf,"Zndrsplt, Eye of Wisdom // Zndrsplt, Eye of Wisdom",sld,379,en,reversible_card,2,https://www.cardmarket.com/en/Magic/Products?idProduct=657817&isFoil=Y,https://scryfall.com/card/d5dfd236-b1da-4552-b94f-ebf6bb9dafdf
569ce29be2296d409a5196eaa1c507e8882a23c63b563b694d79aa4b4b29bafd,special_layout,pending,862604,Blood Crypt,nonfoil,28d37803-d3f9-4806-9a0b-79362a517a7a,Blood Crypt // Blood Crypt,ecl,349,en,reversible_card,2,https://www.cardmarket.com/en/Magic/Products?idProduct=862604,https://scryfall.com/card/28d37803-d3f9-4806-9a0b-79362a517a7a
54038721a09e04fbccf422ad4e162f744e610db77fb1ecd690ebd0770978e417,special_layout,pending,875175,Treasure Token,foil,bb8e8440-ebb4-4c03-89d6-0ff8e91e8d95,Treasure,pl26,2,en,token,1,https://www.cardmarket.com/en/Magic/Products?idProduct=875175&isFoil=Y,https://scryfall.com/card/bb8e8440-ebb4-4c03-89d6-0ff8e91e8d95
4685d1627b38511a0a98165c386bef11b3f5726ed19eab443bfd77efe106474d,special_layout,pending,819541,Food Token,foil,7774606b-2584-4c17-8fc1-f8e196643f1f,Food,sld,2010,en,token,1,https://www.cardmarket.com/en/Magic/Products?idProduct=819541&isFoil=Y,https://scryfall.com/card/7774606b-2584-4c17-8fc1-f8e196643f1f
976b4fc1a17c856e81abf2903e25a6a96a09911ba5bfbda430346bd1265f740e,special_layout,pending,294473,Tazeem,nonfoil,18c94ada-d864-4e94-9d95-e796ab0d0cff,Tazeem,opca,78,en,planar,1,https://www.cardmarket.com/en/Magic/Products?idProduct=294473,https://scryfall.com/card/18c94ada-d864-4e94-9d95-e796ab0d0cff
af86599f9f416c99b081526bcef0f5a95a985cc7eb6c2e791ebb7857b047699d,special_layout,pending,312687,"Gisela, the Broken Blade / Brisela, Voice of Nightmares",foil,b3c2bd44-4d75-4f61-89c0-1f1ba4d59ffa,"Gisela, the Broken Blade",v17,10,en,meld,1,https://www.cardmarket.com/en/Magic/Products?idProduct=312687&isFoil=Y,https://scryfall.com/card/b3c2bd44-4d75-4f61-89c0-1f1ba4d59ffa
109c72f93a2c0b0c220ab9a43482f5bdc54826c61f8998d8ac356369fdf69c18,foil,pending,859740,Brain Freeze,foil,6db339e8-1e48-4ad6-b536-bbbc41016038,Brain Freeze,slc,29,en,normal,1,https://www.cardmarket.com/en/Magic/Products?idProduct=859740&isFoil=Y,https://scryfall.com/card/6db339e8-1e48-4ad6-b536-bbbc41016038
e73b1e38ed3d4a416c293e29c88f0e50f0c7a6b974d9255ca147561d8d569bcb,foil,pending,718029,Pillar of the Paruns,foil,c739bac5-0fa1-4ae9-9eea-611aa3f0fbd5,Pillar of the Paruns,ltc,402,en,normal,1,https://www.cardmarket.com/en/Magic/Products?idProduct=718029&isFoil=Y,https://scryfall.com/card/c739bac5-0fa1-4ae9-9eea-611aa3f0fbd5
dd0c6e7edcbb7baa0a9dc384f200b0e93ba80fbfa6f52f28644e4fe8d5cd5f25,foil,pending,16526,Underground River,foil,8c298bf7-2514-43d4-a285-1386d6ba0835,Underground River,10e,362,en,normal,1,https://www.cardmarket.com/en/Magic/Products?idProduct=16526&isFoil=Y,https://scryfall.com/card/8c298bf7-2514-43d4-a285-1386d6ba0835
772ea0884e011fe436f85d0507b6ec8db125a9d5eca75952b6ba1fc371e895af,foil,pending,764202,Crackle with Power,foil,f4a887d8-4afa-4551-9db2-dd90b95a68c0,Crackle with Power,otp,71,en,normal,1,https://www.cardmarket.com/en/Magic/Products?idProduct=764202&isFoil=Y,https://scryfall.com/card/f4a887d8-4afa-4551-9db2-dd90b95a68c0
41ea20d8311ea91f5ebc593718a773b41884df3d041d6b7fece1ef8dada12a61,foil,pending,3073,Phyrexian Colossus,foil,887b377f-4080-4cfa-a5a7-bab32b6891f9,Phyrexian Colossus,7ed,311,en,normal,1,https://www.cardmarket.com/en/Magic/Products?idProduct=3073&isFoil=Y,https://scryfall.com/card/887b377f-4080-4cfa-a5a7-bab32b6891f9
1afc9a6a455818547fcad02022fb03457ff87488b21c2f89d828148f5d56a392,foil,pending,1090,Goblin Warchief,foil,66864a4b-8924-40ef-a337-15b12413a158,Goblin Warchief,scg,97,en,normal,1,https://www.cardmarket.com/en/Magic/Products?idProduct=1090&isFoil=Y,https://scryfall.com/card/66864a4b-8924-40ef-a337-15b12413a158
6f4579cb33389139fed6c7ffdf15ec930663a29b9415ecc68369fee7346dc817,foil,pending,688554,"Urza, Lord High Artificer",foil,f0e626cc-b01a-4e20-9414-8ba6347041f0,"Urza, Lord High Artificer",dmr,423,en,normal,1,https://www.cardmarket.com/en/Magic/Products?idProduct=688554&isFoil=Y,https://scryfall.com/card/f0e626cc-b01a-4e20-9414-8ba6347041f0
e8f48afec0b6e585c855d20ad9a476ae8705252e0f255e2586ae4ab03e43e086,foil,pending,315632,"Elenda, the Dusk Rose",foil,b57cd8bb-b35a-463e-b9b5-528762893b64,"Elenda, the Dusk Rose",prix,157s,en,normal,1,https://www.cardmarket.com/en/Magic/Products?idProduct=315632&isFoil=Y,https://scryfall.com/card/b57cd8bb-b35a-463e-b9b5-528762893b64
1f94469111fa8c288d692efbfee1d23dfba096bc0dfca2af2b17c07b537c9656,foil,pending,16382,Manabarbs,foil,009b1aff-a8c7-4032-ab29-a77c94c5af59,Manabarbs,10e,218,en,normal,1,https://www.cardmarket.com/en/Magic/Products?idProduct=16382&isFoil=Y,https://scryfall.com/card/009b1aff-a8c7-4032-ab29-a77c94c5af59
f299d15354b3a68bc8f22cf7179fd9cd6b3463122123464930eb18950014357b,foil,pending,738821,Cybermen Squadron,foil,7bf58737-3e09-4c09-85d8-bdf2364db30c,Cybermen Squadron,who,781,en,normal,1,https://www.cardmarket.com/en/Magic/Products?idProduct=738821&isFoil=Y,https://scryfall.com/card/7bf58737-3e09-4c09-85d8-bdf2364db30c
a8e2de8c057496221301907ffc1cb851117ac5b4b412a65790eefb844072e8ac,foil,pending,807350,Sunbillow Verge,foil,cff03662-3879-4ca8-b73c-34918194203b,Sunbillow Verge,dft,504,en,normal,1,https://www.cardmarket.com/en/Magic/Products?idProduct=807350&isFoil=Y,https://scryfall.com/card/cff03662-3879-4ca8-b73c-34918194203b
2d75648ca8cda5782e67bcc877d766bc3472e7419b9e0609030d2eb98e3af726,foil,pending,851571,Spellskite,foil,d2e8104a-e6db-44bc-95eb-23e78b27a6bd,Spellskite,sld,2325,en,normal,1,https://www.cardmarket.com/en/Magic/Products?idProduct=851571&isFoil=Y,https://scryfall.com/card/d2e8104a-e6db-44bc-95eb-23e78b27a6bd
5832123bfaf553dd11455130a82e4ac1a08f82912ccb82ee8a3537176a021f1e,foil,pending,758839,Atomize,foil,8da41054-7f89-4c74-8c58-092f9d6ed144,Atomize,pip,866,en,normal,1,https://www.cardmarket.com/en/Magic/Products?idProduct=758839&isFoil=Y,https://scryfall.com/card/8da41054-7f89-4c74-8c58-092f9d6ed144
f4d556286aedc79d27be1a63423c8a82b3ddc241a79ea61d0e0340fe01a01428,foil,pending,757789,Ravages of War,foil,fe116d16-8c6e-47c2-a2bd-01529caae440,Ravages of War,pip,882,en,normal,1,https://www.cardmarket.com/en/Magic/Products?idProduct=757789&isFoil=Y,https://scryfall.com/card/fe116d16-8c6e-47c2-a2bd-01529caae440
3421482d0fddeed995be1482810235913348014a212cdf94a7da580c0e9daa2e,foil,pending,282555,Splinter Twin,foil,580fbbf8-ba7e-4889-a5ea-d066f3ea8cea,Splinter Twin,mm2,129,en,normal,1,https://www.cardmarket.com/en/Magic/Products?idProduct=282555&isFoil=Y,https://scryfall.com/card/580fbbf8-ba7e-4889-a5ea-d066f3ea8cea
3ff8012dbabd983517d036fe089c3b8fdbcd89ba6c0c56e227cf9323471de47e,foil,pending,809104,Radiant Lotus,foil,656ba742-b00f-4fce-8418-987226c25a81,Radiant Lotus,dft,416,en,normal,1,https://www.cardmarket.com/en/Magic/Products?idProduct=809104&isFoil=Y,https://scryfall.com/card/656ba742-b00f-4fce-8418-987226c25a81
f97f55dfeee347548f74ca8e52b8842b4db739250f4517bb78f45c7d046819b5,foil,pending,678511,Serra Angel,foil,fc22536c-09b4-4dc3-9371-842d91c5251e,Serra Angel,p30h,1,en,normal,1,https://www.cardmarket.com/en/Magic/Products?idProduct=678511&isFoil=Y,https://scryfall.com/card/fc22536c-09b4-4dc3-9371-842d91c5251e
3b7b59fe88205477715d29f9597c324801331ecdc85abd64c07e6d7dc2f947cb,foil,pending,263279,Overwhelming Forces,foil,a69cba3a-e5a1-4539-a084-adefce507db1,Overwhelming Forces,j13,6,en,normal,1,https://www.cardmarket.com/en/Magic/Products?idProduct=263279&isFoil=Y,https://scryfall.com/card/a69cba3a-e5a1-4539-a084-adefce507db1
fbef387b0479df2424d7cd9228b9b8ebd5f273f08fa073dda1ce45a940316a0b,foil,pending,21766,Sorin Markov,foil,29606aca-f23f-4dfe-b685-2065193109c8,Sorin Markov,zen,111,en,normal,1,https://www.cardmarket.com/en/Magic/Products?idProduct=21766&isFoil=Y,https://scryfall.com/card/29606aca-f23f-4dfe-b685-2065193109c8
c4af3d281063f4cf7a16d173229c8833f66ce990da5f36382b373187cd0d408a,foil,pending,741073,Compy Swarm,foil,801b3fc9-722d-497a-a1ae-c3a158d5ca64,Compy Swarm,rex,34,en,normal,1,https://www.cardmarket.com/en/Magic/Products?idProduct=741073&isFoil=Y,https://scryfall.com/card/801b3fc9-722d-497a-a1ae-c3a158d5ca64
34c81ee08a2a22f855724222c724dbc1b425db4fbabcfbbd5c8518b2791a2eef,foil,pending,824364,"Noctis, Prince of Lucis",foil,49543cd4-d976-4d3b-a7d2-6acfbb28b1b5,"Noctis, Prince of Lucis",fin,546,en,normal,1,https://www.cardmarket.com/en/Magic/Products?idProduct=824364&isFoil=Y,https://scryfall.com/card/49543cd4-d976-4d3b-a7d2-6acfbb28b1b5
5e2158b4a25aed7b8dcc47b9ecc0624619a9c8fd12b8310ff7d7e6336c311f92,foil,pending,753292,Spell Pierce,foil,6e745659-7007-48cc-9f82-a27363068c5e,Spell Pierce,slp,18,en,normal,1,https://www.cardmarket.com/en/Magic/Products?idProduct=753292&isFoil=Y,https://scryfall.com/card/6e745659-7007-48cc-9f82-a27363068c5e
10137ebe06ea4a03a7dc690d3a1f6aeb23bc2c7e6f54ffc20acaaa2d130eb8ac,foil,pending,817923,Mountain,foil,a4db1b7a-93f2-40a5-b649-80a099ddeb62,Mountain,tdm,290,en,normal,1,https://www.cardmarket.com/en/Magic/Products?idProduct=817923&isFoil=Y,https://scryfall.com/card/a4db1b7a-93f2-40a5-b649-80a099ddeb62
97988318227394253f3b5ff3cf77b0ba56e812766ad855079eea528a080afae5,foil,pending,607042,"Jin-Gitaxias, Progress Tyrant",foil,01985566-275b-4bf0-8667-c81eb95ad70c,"Jin-Gitaxias, Progress Tyrant",neo,371,en,normal,1,https://www.cardmarket.com/en/Magic/Products?idProduct=607042&isFoil=Y,https://scryfall.com/card/01985566-275b-4bf0-8667-c81eb95ad70c
5bfd67921e2e415ac9fb4d279bc4c129122b1b95df44e404dfbccedc9223b378,foil,pending,778095,"Finneas, Ace Archer",foil,f4d99aec-c114-4287-ab61-a34e5adab5ab,"Finneas, Ace Archer",blb,348,en,normal,1,https://www.cardmarket.com/en/Magic/Products?idProduct=778095&isFoil=Y,https://scryfall.com/card/f4d99aec-c114-4287-ab61-a34e5adab5ab
5a0127b0d699bf5171ebd6134c7fa8b03eb4f1c145c01ef77499c128881a58f6,non_english,pending,15410,Ankh of Mishra,nonfoil,214ec172-bd8a-42ec-9fb0-282e8f7b1cc2,Ankh of Mishra,fbb,233,fr,normal,1,https://www.cardmarket.com/en/Magic/Products?idProduct=15410,https://scryfall.com/card/214ec172-bd8a-42ec-9fb0-282e8f7b1cc2
0f836b1ed4d61729c1cf0f822725ca02c89672a3c2553f28439de4c5e55cf2ea,non_english,pending,557126,Natural Order,nonfoil,8ac43bf2-08e1-4b63-ac4f-ccc565ca2cee,Natural Order,sta,117,ja,normal,1,https://www.cardmarket.com/en/Magic/Products?idProduct=557126,https://scryfall.com/card/8ac43bf2-08e1-4b63-ac4f-ccc565ca2cee
db107dff3b47680041269bd57f80c666bb84654f07f9a8d347727542d85711fe,non_english,pending,882774,Ad Nauseam,foil,68f7db06-8a4c-4654-9209-6bc6c5d7f492,Ad Nauseam,soa,155,ja,normal,1,https://www.cardmarket.com/en/Magic/Products?idProduct=882774&isFoil=Y,https://scryfall.com/card/68f7db06-8a4c-4654-9209-6bc6c5d7f492
6fa18a168a021eaf6bd1ffe7c02d5d796655b2593c69e822778d8e8d3f2cda9f,non_english,pending,883105,Cyclonic Rift,foil,f779109e-331f-44ae-9dfb-e435a2bc6b7f,Cyclonic Rift,soa,144,ja,normal,1,https://www.cardmarket.com/en/Magic/Products?idProduct=883105&isFoil=Y,https://scryfall.com/card/f779109e-331f-44ae-9dfb-e435a2bc6b7f
6ef7e9f0956b094ecb18adfadabaf281bb441a44ff3a0af373c5e23cadb192f4,non_english,pending,660440,Faceless Haven,nonfoil,f447b55a-8998-46dd-b10c-4545bbcb97c2,Faceless Haven,pwcs,2021-6,ja,normal,1,https://www.cardmarket.com/en/Magic/Products?idProduct=660440,https://scryfall.com/card/f447b55a-8998-46dd-b10c-4545bbcb97c2
e6fa4268ffe069ec79e97b874a50742e7e4e1e98f111248a406d0110ead79011,non_english,pending,718037,Sol Ring,nonfoil,7a8db21f-722b-4a07-985b-8d25a0b0006a,Sol Ring,ltc,408,qya,normal,1,https://www.cardmarket.com/en/Magic/Products?idProduct=718037,https://scryfall.com/card/7a8db21f-722b-4a07-985b-8d25a0b0006a
95202ae8518a4216bdff8b0acb991225f3493d5bafb6f5e549eddb5e58333c3d,non_english,pending,372742,"Narset, Parter of Veils",foil,e078151b-74b7-426a-9ee5-d83799ca2b85,"Narset, Parter of Veils",war,61★,ja,normal,1,https://www.cardmarket.com/en/Magic/Products?idProduct=372742&isFoil=Y,https://scryfall.com/card/e078151b-74b7-426a-9ee5-d83799ca2b85
88cd426ecaeec18073fa392656247086c49254b2f0e5933bbd5c4bf9b5214b35,non_english,pending,15457,Winter Orb,nonfoil,1e10013c-0dbc-4153-8937-f612ffd93d2f,Winter Orb,fbb,280,fr,normal,1,https://www.cardmarket.com/en/Magic/Products?idProduct=15457,https://scryfall.com/card/1e10013c-0dbc-4153-8937-f612ffd93d2f
5ee4119cdfa9e4f3e836afe6c82717fb8eb4b79b76a914fa2ffb0a6c90cb4d2a,non_english,pending,373437,"Chandra, Fire Artisan",foil,a3d375ce-ab87-4d1a-a018-7d227bf1abe3,"Chandra, Fire Artisan",pwar,119s★,ja,normal,1,https://www.cardmarket.com/en/Magic/Products?idProduct=373437&isFoil=Y,https://scryfall.com/card/a3d375ce-ab87-4d1a-a018-7d227bf1abe3
2806ac8bfd72f98cbdc9c4785300dfbef2595d5ed644a8045ec54d9a3bd32a3b,non_english,pending,15231,Counterspell,nonfoil,a7b5b4b1-1df0-46c4-97ff-f0ca2d1c91fb,Counterspell,fbb,54,fr,normal,1,https://www.cardmarket.com/en/Magic/Products?idProduct=15231,https://scryfall.com/card/a7b5b4b1-1df0-46c4-97ff-f0ca2d1c91fb
3dfee7cab54fd4485ad1c252106adb4892e5caece07f8cf20eac6010122b381d,coverage_fill,pending,790872,Scalelord Reckoner,foil,68d50004-9bda-414f-bbad-9fc1e69faff1,Scalelord Reckoner,mb2,151,en,normal,1,https://www.cardmarket.com/en/Magic/Products?idProduct=790872&isFoil=Y,https://scryfall.com/card/68d50004-9bda-414f-bbad-9fc1e69faff1
aa0b885b671a348db3629fd75d1e9d3f5260af8d5ae431b48a249772a0603502,coverage_fill,pending,366163,Temporal Manipulation,foil,6270b93e-8cd2-4668-982a-f4c4628da9d9,Temporal Manipulation,uma,77,en,normal,1,https://www.cardmarket.com/en/Magic/Products?idProduct=366163&isFoil=Y,https://scryfall.com/card/6270b93e-8cd2-4668-982a-f4c4628da9d9
78990e29feed99f0a600e06cba4fb689b80f19ed040006eb152899b77da0ab09,coverage_fill,pending,372735,"Karn, the Great Creator",foil,9b572739-0a10-4af0-9014-dd81b67b3dbb,"Karn, the Great Creator",war,1★,ja,normal,1,https://www.cardmarket.com/en/Magic/Products?idProduct=372735&isFoil=Y,https://scryfall.com/card/9b572739-0a10-4af0-9014-dd81b67b3dbb
0e4783548d41cca040cfbbe6a5f2458ca5a31b4256b644579cc1f0ea69b6fd9e,coverage_fill,pending,688811,Gamble,nonfoil,f7bc7576-233f-4267-9943-d831a5b2c233,Gamble,dmr,433,en,normal,1,https://www.cardmarket.com/en/Magic/Products?idProduct=688811,https://scryfall.com/card/f7bc7576-233f-4267-9943-d831a5b2c233
46b66a597b6a6e2f2f54cba87d11a294fa2b6aed94c8acc422bd1eafc2d5a78e,coverage_fill,pending,473614,"Sheoldred, Whispering One",nonfoil,8b207a4a-47d1-4905-81d3-455c59bfd7da,"Sheoldred, Whispering One",jmp,278,en,normal,1,https://www.cardmarket.com/en/Magic/Products?idProduct=473614,https://scryfall.com/card/8b207a4a-47d1-4905-81d3-455c59bfd7da
da3e80fef989549e679312050c846eaa638c1edaa7fe7474a2a1829d567a82ee,coverage_fill,pending,12440,Marble Titan,foil,e4816f18-9f66-4539-9764-2f65f2826812,Marble Titan,9ed,26,en,normal,1,https://www.cardmarket.com/en/Magic/Products?idProduct=12440&isFoil=Y,https://scryfall.com/card/e4816f18-9f66-4539-9764-2f65f2826812
f03d1999483477c0de46b9f5b1c89d02c313ef0f01bc7ed37807b6a7f75ae110,coverage_fill,pending,5463,Ankh of Mishra,nonfoil,f594b7aa-d44e-47c4-989b-565f881e25f1,Ankh of Mishra,lea,230,en,normal,1,https://www.cardmarket.com/en/Magic/Products?idProduct=5463,https://scryfall.com/card/f594b7aa-d44e-47c4-989b-565f881e25f1
cdffecca56858c7e843e10aaf2a35f7a895370dcde694b46f8fc3af0536f0cf9,coverage_fill,pending,16700,Fog,nonfoil,9592c31e-179e-43d3-b2b8-b83c0dbea922,Fog,sum,195,en,normal,1,https://www.cardmarket.com/en/Magic/Products?idProduct=16700,https://scryfall.com/card/9592c31e-179e-43d3-b2b8-b83c0dbea922
6b256019c3958cccfa14790b976ea385f12bfc368664f9bbc110c59071d1a19e,coverage_fill,pending,717821,"Arwen, Weaver of Hope",nonfoil,f5fad384-3124-46b7-9cf3-0ce46c995162,"Arwen, Weaver of Hope",ltc,118,en,normal,1,https://www.cardmarket.com/en/Magic/Products?idProduct=717821,https://scryfall.com/card/f5fad384-3124-46b7-9cf3-0ce46c995162
9680195d88aea72b95c4b9380392e5700c9768e90e0aa83b0358b87914fc0e30,coverage_fill,pending,585296,Manaform Hellkite,foil,0087f7de-7065-4492-8fe9-f9a22c32a05d,Manaform Hellkite,dbl,437,en,normal,1,https://www.cardmarket.com/en/Magic/Products?idProduct=585296&isFoil=Y,https://scryfall.com/card/0087f7de-7065-4492-8fe9-f9a22c32a05d
be1ebf00e91298ad01d0e43e415be78523ae3997f2a021f472d688077fea7fab,coverage_fill,pending,657828,"Okaun, Eye of Chaos",foil,94eea6e3-20bc-4dab-90ba-3113c120fb90,"Okaun, Eye of Chaos // Okaun, Eye of Chaos",sld,380,en,reversible_card,2,https://www.cardmarket.com/en/Magic/Products?idProduct=657828&isFoil=Y,https://scryfall.com/card/94eea6e3-20bc-4dab-90ba-3113c120fb90
e9a85d008071915bd785764e22618dbf8bd468eeea4123e634ed4773a8b7df31,coverage_fill,pending,750341,Tolsimir Wolfblood,foil,0758235a-32e4-458c-bb16-16c3708a8429,Tolsimir Wolfblood,rvr,387z,en,normal,1,https://www.cardmarket.com/en/Magic/Products?idProduct=750341&isFoil=Y,https://scryfall.com/card/0758235a-32e4-458c-bb16-16c3708a8429
5727b079463b9822831a96052f41e44095ccfe8b028631005ffe111163576769,coverage_fill,pending,717743,Palantír of Orthanc,foil,4c27c6ac-889f-4591-8789-4a6f1a264d98,Palantír of Orthanc,ltr,381,en,normal,1,https://www.cardmarket.com/en/Magic/Products?idProduct=717743&isFoil=Y,https://scryfall.com/card/4c27c6ac-889f-4591-8789-4a6f1a264d98
15f697c3c28369751427bf88029b4ad93147c539308663a48b3e6ba7da75234b,coverage_fill,pending,8269,Enlightened Tutor,nonfoil,cbac1d27-15e2-4e2f-82ab-625a16e096cb,Enlightened Tutor,mir,14,en,normal,1,https://www.cardmarket.com/en/Magic/Products?idProduct=8269,https://scryfall.com/card/cbac1d27-15e2-4e2f-82ab-625a16e096cb
eab133dcbe99b2dad29d1d60e3fd76916198b22316af35c9ba35ca0d57bea081,coverage_fill,pending,851639,"Aerith, Last Ancient",foil,aa1bd238-a9f5-4145-9668-eb49a3b4c2bf,"Aerith, Last Ancient",fic,471,en,normal,1,https://www.cardmarket.com/en/Magic/Products?idProduct=851639&isFoil=Y,https://scryfall.com/card/aa1bd238-a9f5-4145-9668-eb49a3b4c2bf
26ec4c517ff28f981d6708b49ee120b16449c6ffd9fe7a2bcd680f49a28ba37e,coverage_fill,pending,295882,Cavern of Souls,foil,1045bdc7-6fbb-4b63-9798-a2a993f95bc2,Cavern of Souls,mm3,232,en,normal,1,https://www.cardmarket.com/en/Magic/Products?idProduct=295882&isFoil=Y,https://scryfall.com/card/1045bdc7-6fbb-4b63-9798-a2a993f95bc2
f196508a9fe4634139cc0b9da47b82e107171dc8823a262c543e8be7b711b99e,coverage_fill,pending,492094,Vault of Champions,nonfoil,7695a48e-391a-4ac1-93d6-35373e13718f,Vault of Champions,cmr,715,en,normal,1,https://www.cardmarket.com/en/Magic/Products?idProduct=492094,https://scryfall.com/card/7695a48e-391a-4ac1-93d6-35373e13718f
e83c0081d32278585ebe2c84ea26623ff4d56c134d0815ccfd1b98c853bc87b3,coverage_fill,pending,817786,Escape to the Wilds,foil,e9359896-2c8f-4841-8bbb-3231e5a47221,Escape to the Wilds,sld,1916,en,normal,1,https://www.cardmarket.com/en/Magic/Products?idProduct=817786&isFoil=Y,https://scryfall.com/card/e9359896-2c8f-4841-8bbb-3231e5a47221
36709d3f616fbbbb76ba74f1a6a752fa460a1a4f4d0ec98410cf6d213dab9ac9,coverage_fill,pending,721728,Land Tax,nonfoil,9258ad10-cbe6-4676-93b4-6ef4a33f12ee,Land Tax,cmm,37,en,normal,1,https://www.cardmarket.com/en/Magic/Products?idProduct=721728,https://scryfall.com/card/9258ad10-cbe6-4676-93b4-6ef4a33f12ee
6921ef1006fdc5a97a7379224e6bfa68823a6d409f9bc1ff37c604b070f22bd6,coverage_fill,pending,5297,Magical Hack,nonfoil,2bd4202c-0477-45aa-82fd-83c85d6d4bef,Magical Hack,lea,63,en,normal,1,https://www.cardmarket.com/en/Magic/Products?idProduct=5297,https://scryfall.com/card/2bd4202c-0477-45aa-82fd-83c85d6d4bef
7d3e819326dca9c388b79a5b531d260a181a47c2901c3fed96679b3d388b0910,coverage_fill,pending,714619,Guardian Project,nonfoil,4ae13498-33c9-4013-a82a-98f1888033d3,Guardian Project,plst,RNA-130,en,normal,1,https://www.cardmarket.com/en/Magic/Products?idProduct=714619,https://scryfall.com/card/4ae13498-33c9-4013-a82a-98f1888033d3
6c9e53ef8c40e183f1e0766fe7c8002080eb44cc2dcc5a44689c9e0c214e54f0,coverage_fill,pending,883104,Cyclonic Rift,nonfoil,65c6b4f4-2aef-4150-9a7f-70ca5f337766,Cyclonic Rift,soa,79,ja,normal,1,https://www.cardmarket.com/en/Magic/Products?idProduct=883104,https://scryfall.com/card/65c6b4f4-2aef-4150-9a7f-70ca5f337766
3c2f2e8d0a3580ffc2b59cbc88ad8fb8425a546c1df36a1a63c0428e23083188,coverage_fill,pending,15076,Fleshwrither,foil,08e1a646-6925-4a53-a99c-8951af016a7a,Fleshwrither,fut,84,en,normal,1,https://www.cardmarket.com/en/Magic/Products?idProduct=15076&isFoil=Y,https://scryfall.com/card/08e1a646-6925-4a53-a99c-8951af016a7a
f9074b31c2a4c9de46b8c3d5b743db51f84ceb3cd3b0680208ac4ab1ecd2b0cf,coverage_fill,pending,355730,Cabal Stronghold,foil,e8f2f6f2-7bce-4ede-8973-8b495a5dd825,Cabal Stronghold,pdom,238s,en,normal,1,https://www.cardmarket.com/en/Magic/Products?idProduct=355730&isFoil=Y,https://scryfall.com/card/e8f2f6f2-7bce-4ede-8973-8b495a5dd825
86e4d0aa4bc358b5a6e6b42e75acd43c824cefad0ab70e58a19e5ee403ead118,coverage_fill,pending,2248,Krosan Reclamation,foil,5b3c5144-7e15-46c6-b819-d729ecb30bb1,Krosan Reclamation,jud,122,en,normal,1,https://www.cardmarket.com/en/Magic/Products?idProduct=2248&isFoil=Y,https://scryfall.com/card/5b3c5144-7e15-46c6-b819-d729ecb30bb1
ddde1b11840f2e3e82367567578ad036c07f4db2554dbf4aaaa422c6fe4d09c2,coverage_fill,pending,778611,Swords to Plowshares,foil,80590c26-285e-4b7b-9ee5-62956dba4ad7,Swords to Plowshares,spg,54,en,normal,1,https://www.cardmarket.com/en/Magic/Products?idProduct=778611&isFoil=Y,https://scryfall.com/card/80590c26-285e-4b7b-9ee5-62956dba4ad7
a2d658e28ded7368aee702ceec6d876dfcfb5bf6b74d054bea11eff010c0b7ac,coverage_fill,pending,748752,Godless Shrine,foil,f34831d4-1624-4c95-a08b-baa1e0978742,Godless Shrine,rvr,401,en,normal,1,https://www.cardmarket.com/en/Magic/Products?idProduct=748752&isFoil=Y,https://scryfall.com/card/f34831d4-1624-4c95-a08b-baa1e0978742
10ded90dca60b43e8f2d143141f1ba23684d19d1ed02e8d5ade1e53928af78fa,coverage_fill,pending,529112,Mystical Tutor,nonfoil,33e90b41-909d-45ce-a7af-7e7bb12d9669,Mystical Tutor,plst,SS1-6,en,normal,1,https://www.cardmarket.com/en/Magic/Products?idProduct=529112,https://scryfall.com/card/33e90b41-909d-45ce-a7af-7e7bb12d9669
d1a33be0211e104a8fafd3fee66b8351843b4b37e201854e57c9285c2a0f36e7,coverage_fill,pending,776206,Darksteel Plate,foil,876fb8d6-1ac5-4b3d-a300-2a954000b1cb,Darksteel Plate,sld,1572,en,normal,1,https://www.cardmarket.com/en/Magic/Products?idProduct=776206&isFoil=Y,https://scryfall.com/card/876fb8d6-1ac5-4b3d-a300-2a954000b1cb
f90518258760b0cfae23354f5870757c1a6daa0d555f33549f6d1d70e718d520,coverage_fill,pending,282792,"Kozilek, Butcher of Truth",foil,6dc70f3b-844e-428c-a8cd-d6c6a55b925a,"Kozilek, Butcher of Truth",mm2,5,en,normal,1,https://www.cardmarket.com/en/Magic/Products?idProduct=282792&isFoil=Y,https://scryfall.com/card/6dc70f3b-844e-428c-a8cd-d6c6a55b925a
726b6736a539a1a9bacc413efe685e7f6b177e264de85fb003a97351453a88d1,coverage_fill,pending,583941,Jet Medallion,nonfoil,33d27105-a8a7-44ed-867d-ee7ca2ea6b7e,Jet Medallion,plst,TMP-292,en,normal,1,https://www.cardmarket.com/en/Magic/Products?idProduct=583941,https://scryfall.com/card/33d27105-a8a7-44ed-867d-ee7ca2ea6b7e
eaa572e95eead4071f080dc82f5c87548fd6f43ce59894af1ac19be005d76c87,coverage_fill,pending,718017,Cabal Coffers,nonfoil,cce035f4-5ba4-4e9d-ab26-d5d0290de74d,Cabal Coffers,ltc,390,en,normal,1,https://www.cardmarket.com/en/Magic/Products?idProduct=718017,https://scryfall.com/card/cce035f4-5ba4-4e9d-ab26-d5d0290de74d
6f4caab5a84cd70bfe708f2fb4432f79a748b6561f24555b94716335ef9ed978,coverage_fill,pending,5517,Mountain,nonfoil,eace2c85-976c-425e-9800-5a6ccbd91b56,Mountain,lea,292,en,normal,1,https://www.cardmarket.com/en/Magic/Products?idProduct=5517,https://scryfall.com/card/eace2c85-976c-425e-9800-5a6ccbd91b56
d52c92af843144f65ae99ba62befcd496101aeebed6c813b8cac86abc31fcf01,coverage_fill,pending,359976,Crucible of Worlds,nonfoil,eb28b35c-28a5-4042-b21d-6d43658a16eb,Crucible of Worlds,m19,229,en,normal,1,https://www.cardmarket.com/en/Magic/Products?idProduct=359976,https://scryfall.com/card/eb28b35c-28a5-4042-b21d-6d43658a16eb
69059ab2ff85bdfe7273e58a2aff501b1fa06e8544b7866f17bb5ad70575d546,coverage_fill,pending,819543,Food Token,foil,e8db2269-0d77-4d0c-881c-67b05fd22c1d,Food,sld,2012,en,token,1,https://www.cardmarket.com/en/Magic/Products?idProduct=819543&isFoil=Y,https://scryfall.com/card/e8db2269-0d77-4d0c-881c-67b05fd22c1d
